scenario,risk_base,risk_range,coverage_base,coverage_range,auroc_base,auroc_range,recall_base,recall_range
overall,0.061004659502627165,0.0606--0.0614,0.9688000000000001,0.969--0.969,0.8678844444444443,0.868--0.868,0.44400000000000006,0.440--0.446
load_high,0.4853108535742373,0.4840--0.4866,0.6854,0.684--0.687,0.7946755555555556,0.794--0.795,0.24,0.240--0.242
vacation_high,0.17524815033666458,0.1742--0.1763,0.9388,0.938--0.939,0.8560177777777778,0.856--0.856,0.41200000000000003,0.412--0.414
drift_strong,1.361890322935835,1.3607--1.3629,0.6986,0.698--0.699,0.8283022222222222,0.828--0.829,0.442,0.442--0.452
