level,n,calibration_margin,count_mean,u_mean,emp_risk_mean,emp_risk_std,nominal_mae_mean,nominal_mae_std,coverage_mean
low,1600,0.272550535958189,4.0,0.0658472621071762,0.27722599716386825,0.16143949819933961,0.1813605148201335,0.08247739228993332,0.988125
mid,1600,0.272550535958189,8.0,0.1316945242143524,0.34553171204552585,0.21516544089546438,0.16002250437157778,0.10055599374465868,0.959375
high,1600,0.272550535958189,12.0,0.1975417863215286,0.43816548901063923,0.29348343098094176,0.16459910532005348,0.15712886768095408,0.908125
