phase,phase_label,method,n,coverage,mean_shortfall,risk_mae,mean_margin
pre_shift,Pre-shift,fixed_validation,1600,0.968125,0.0060617373629795026,0.06251454184991978,0.14903557819929442
pre_shift,Pre-shift,rolling_calibration,1600,0.96625,0.006790555497911343,0.06251454184991978,0.1535691615404681
post_early,Post early,fixed_validation,800,0.57625,1.2572022631768547,1.9185488265308428,0.14903557819929442
post_early,Post early,rolling_calibration,800,0.92875,0.20831009096741454,1.9185488265308428,2.866325221199913
post_mid,Post mid,fixed_validation,800,0.5625,1.4220771444945026,2.0831863348855184,0.14903557819929442
post_mid,Post mid,rolling_calibration,800,1.0,0.0,2.0831863348855184,5.298673426426206
post_late,Post late,fixed_validation,1600,0.5675,1.372914401773992,2.0541772887600884,0.14903557819929442
post_late,Post late,rolling_calibration,1600,0.999375,0.0033574218821373326,2.0541772887600884,5.368944709979006
