scenario,baseline_auroc,auroc_range,baseline_recall,recall_range,baseline_coverage,coverage_range
overall,0.8678844444444443,0.865--0.876,0.44400000000000006,0.442--0.458,0.9688000000000001,0.948--0.987
load_high,0.7946755555555556,0.793--0.795,0.24,0.240--0.242,0.6854,0.628--0.768
vacation_high,0.8560177777777778,0.854--0.861,0.41200000000000003,0.406--0.422,0.9388,0.901--0.971
drift_strong,0.8283022222222222,0.827--0.831,0.442,0.430--0.464,0.6986,0.675--0.735
