method,n,risk_mae,p95_mae,violation_mae,safe_coverage,avg_conservativeness,screening_auroc,recall_at_10
ns3_lagged_safe,144,0.08294544022939793,0.00046884814746525665,0.08821782745460771,0.8958333333333334,0.15149772728688607,0.9975806451612903,0.7
ns3_direct_nomargin,144,0.08294544022939793,0.00046884814746525665,0.08821782745460771,0.6111111111111112,-0.01891092270799463,0.9975806451612903,0.7
ns3_ewma_safe,144,0.05884200192006699,0.0005729572121768902,0.03920522069202343,0.8958333333333334,0.019884506397369002,0.9983870967741936,0.75
ns3_background_rate,144,0.3531429826364585,0.00046884814746525665,0.08821782745460771,0.8472222222222222,0.1682452705287041,0.785483870967742,0.0
