method,n,risk_mae,p95_mae,violation_mae,safe_coverage,avg_conservativeness,screening_auroc,recall_at_10
ns3_lagged_safe,36,0.10410989930430292,0.0005590143236721837,0.17803188970591213,0.9166666666666666,0.32233364343728244,1.0,0.4
ns3_direct_nomargin,36,0.10410989930430292,0.0005590143236721837,0.17803188970591213,0.5555555555555556,-0.10157641544467642,1.0,0.4
ns3_ewma_safe,36,0.10291044810259392,0.0005741742106481482,0.06867270176962784,0.8611111111111112,0.03407642275906454,0.9961538461538462,0.4
ns3_background_rate,36,0.6919747489488411,0.0005590143236721837,0.17803188970591213,0.6944444444444444,0.42014977707537354,0.48846153846153845,0.0
